ID,family,genus,species,stateProvince,decimalLatitude,decimalLongitude
463,Felidae,Puma,Puma concolor,Chiapas,15.426667,-92.488333
331,Felidae,Puma,Puma concolor,Chiapas,15.654227,-92.811905
61,Felidae,Puma,Puma concolor,Chiapas,15.657169,-92.808725
326,Felidae,Puma,Puma concolor,Chiapas,15.695103,-92.965794
462,Felidae,Puma,Puma concolor,Chiapas,15.733333,-92.933333
518,Felidae,Puma,Puma concolor,Chiapas,15.771558,-92.890091
41,Felidae,Puma,Puma concolor,Chiapas,15.831871,-93.034295
500,Felidae,Puma,Puma concolor,Chiapas,15.877511,-92.997111
471,Felidae,Puma,Puma concolor,Chiapas,16.043454,-93.478149
489,Felidae,Puma,Puma concolor,Chiapas,16.056195,-93.477916
482,Felidae,Puma,Puma concolor,Chiapas,16.06705,-93.462971
751,Felidae,Puma,Puma concolor,Chiapas,16.122067,-90.941183
752,Felidae,Puma,Puma concolor,Chiapas,16.122067,-90.941183
470,Felidae,Puma,Puma concolor,Chiapas,16.145796,-93.443292
754,Felidae,Puma,Puma concolor,Chiapas,16.146339,-90.893047
509,Felidae,Puma,Puma concolor,Chiapas,16.174699,-93.62029
510,Felidae,Puma,Puma concolor,Chiapas,16.175049,-93.622543
506,Felidae,Puma,Puma concolor,Chiapas,16.175688,-93.623375
503,Felidae,Puma,Puma concolor,Chiapas,16.175949,-93.623359
152,Felidae,Puma,Puma concolor,Chiapas,16.212514,-90.8251
50,Felidae,Puma,Puma concolor,Chiapas,16.334634,-91.028579
128,Felidae,Puma,Puma concolor,Chiapas,16.767653,-90.945812
344,Felidae,Puma,Puma concolor,Chiapas,16.789089,-90.816826
387,Felidae,Puma,Puma concolor,Chiapas,16.845954,-90.988154
374,Felidae,Puma,Puma concolor,Chiapas,16.883787,-90.98359
220,Felidae,Puma,Puma concolor,Oaxaca,16.91013,-95.76497
221,Felidae,Puma,Puma concolor,Oaxaca,16.91267,-95.75072
189,Felidae,Puma,Puma concolor,Oaxaca,16.91608,-95.76804
247,Felidae,Puma,Puma concolor,Oaxaca,16.91608,-95.76804
250,Felidae,Puma,Puma concolor,Oaxaca,16.91608,-95.76804
262,Felidae,Puma,Puma concolor,Oaxaca,16.91792,-95.78051
475,Felidae,Puma,Puma concolor,Oaxaca,16.976893,-96.384938
495,Felidae,Puma,Puma concolor,Chiapas,16.999429,-93.666676
508,Felidae,Puma,Puma concolor,Chiapas,16.999994,-93.6448
354,Felidae,Puma,Puma concolor,Chiapas,17,-93.666667
507,Felidae,Puma,Puma concolor,Chiapas,17.011977,-93.677459
505,Felidae,Puma,Puma concolor,Chiapas,17.041358,-93.718357
473,Felidae,Puma,Puma concolor,Oaxaca,17.101607,-96.547536
468,Felidae,Puma,Puma concolor,Oaxaca,17.101848,-96.547293
248,Felidae,Puma,Puma concolor,Oaxaca,17.12144,-95.85912
257,Felidae,Puma,Puma concolor,Oaxaca,17.12144,-95.85912
212,Felidae,Puma,Puma concolor,Oaxaca,17.12954,-95.8225
238,Felidae,Puma,Puma concolor,Oaxaca,17.12954,-95.8225
258,Felidae,Puma,Puma concolor,Oaxaca,17.12954,-95.8225
690,Felidae,Puma,Puma concolor,Oaxaca,17.14686,-96.64678
654,Felidae,Puma,Puma concolor,Oaxaca,17.146861,-96.646778
593,Felidae,Puma,Puma concolor,Oaxaca,17.153498,-96.716383
474,Felidae,Puma,Puma concolor,Oaxaca,17.180204,-96.673481
478,Felidae,Puma,Puma concolor,Oaxaca,17.182041,-96.707819
479,Felidae,Puma,Puma concolor,Oaxaca,17.182072,-96.707819
206,Felidae,Puma,Puma concolor,Oaxaca,17.20518,-95.79919
197,Felidae,Puma,Puma concolor,Oaxaca,17.20571,-95.84481
210,Felidae,Puma,Puma concolor,Oaxaca,17.20571,-95.84481
222,Felidae,Puma,Puma concolor,Oaxaca,17.21155,-95.85102
225,Felidae,Puma,Puma concolor,Oaxaca,17.21155,-95.85102
234,Felidae,Puma,Puma concolor,Oaxaca,17.21155,-95.85102
245,Felidae,Puma,Puma concolor,Oaxaca,17.21155,-95.85102
249,Felidae,Puma,Puma concolor,Oaxaca,17.21155,-95.85102
203,Felidae,Puma,Puma concolor,Oaxaca,17.2397,-95.90397
216,Felidae,Puma,Puma concolor,Oaxaca,17.2397,-95.90397
251,Felidae,Puma,Puma concolor,Oaxaca,17.2397,-95.90397
190,Felidae,Puma,Puma concolor,Oaxaca,17.24506,-95.97483
192,Felidae,Puma,Puma concolor,Oaxaca,17.24506,-95.97483
193,Felidae,Puma,Puma concolor,Oaxaca,17.24506,-95.97483
200,Felidae,Puma,Puma concolor,Oaxaca,17.24506,-95.97483
211,Felidae,Puma,Puma concolor,Oaxaca,17.24506,-95.97483
218,Felidae,Puma,Puma concolor,Oaxaca,17.24506,-95.97483
241,Felidae,Puma,Puma concolor,Oaxaca,17.24506,-95.97483
255,Felidae,Puma,Puma concolor,Oaxaca,17.24506,-95.97483
301,Felidae,Puma,Puma concolor,Oaxaca,17.246262,-98.052875
312,Felidae,Puma,Puma concolor,Tabasco,17.252376,-91.360723
749,Felidae,Puma,Puma concolor,Tabasco,17.252876,-91.119189
194,Felidae,Puma,Puma concolor,Oaxaca,17.25385,-95.9537
213,Felidae,Puma,Puma concolor,Oaxaca,17.25385,-95.9537
217,Felidae,Puma,Puma concolor,Oaxaca,17.25385,-95.9537
242,Felidae,Puma,Puma concolor,Oaxaca,17.25385,-95.9537
243,Felidae,Puma,Puma concolor,Oaxaca,17.25385,-95.9537
244,Felidae,Puma,Puma concolor,Oaxaca,17.25385,-95.9537
246,Felidae,Puma,Puma concolor,Oaxaca,17.25385,-95.9537
191,Felidae,Puma,Puma concolor,Oaxaca,17.2584,-96.07182
204,Felidae,Puma,Puma concolor,Oaxaca,17.2584,-96.07182
209,Felidae,Puma,Puma concolor,Oaxaca,17.2584,-96.07182
228,Felidae,Puma,Puma concolor,Oaxaca,17.2584,-96.07182
229,Felidae,Puma,Puma concolor,Oaxaca,17.2584,-96.07182
232,Felidae,Puma,Puma concolor,Oaxaca,17.2584,-96.07182
237,Felidae,Puma,Puma concolor,Oaxaca,17.2584,-96.07182
239,Felidae,Puma,Puma concolor,Oaxaca,17.2584,-96.07182
254,Felidae,Puma,Puma concolor,Oaxaca,17.2584,-96.07182
199,Felidae,Puma,Puma concolor,Oaxaca,17.26163,-96.07539
223,Felidae,Puma,Puma concolor,Oaxaca,17.26163,-96.07539
236,Felidae,Puma,Puma concolor,Oaxaca,17.26163,-96.07539
253,Felidae,Puma,Puma concolor,Oaxaca,17.26163,-96.07539
256,Felidae,Puma,Puma concolor,Oaxaca,17.26163,-96.07539
261,Felidae,Puma,Puma concolor,Oaxaca,17.26163,-96.07539
263,Felidae,Puma,Puma concolor,Oaxaca,17.26163,-96.07539
201,Felidae,Puma,Puma concolor,Oaxaca,17.26353,-95.9724
207,Felidae,Puma,Puma concolor,Oaxaca,17.26353,-95.9724
233,Felidae,Puma,Puma concolor,Oaxaca,17.26353,-95.9724
235,Felidae,Puma,Puma concolor,Oaxaca,17.26353,-95.9724
196,Felidae,Puma,Puma concolor,Oaxaca,17.27451,-95.98544
198,Felidae,Puma,Puma concolor,Oaxaca,17.27451,-95.98544
214,Felidae,Puma,Puma concolor,Oaxaca,17.27451,-95.98544
230,Felidae,Puma,Puma concolor,Oaxaca,17.27451,-95.98544
195,Felidae,Puma,Puma concolor,Oaxaca,17.2782,-96.05374
111,Felidae,Puma,Puma concolor,Tabasco,17.278244,-91.407524
323,Felidae,Puma,Puma concolor,Tabasco,17.278244,-91.407524
188,Felidae,Puma,Puma concolor,Oaxaca,17.27929,-96.06856
205,Felidae,Puma,Puma concolor,Oaxaca,17.27929,-96.06856
226,Felidae,Puma,Puma concolor,Oaxaca,17.27929,-96.06856
231,Felidae,Puma,Puma concolor,Oaxaca,17.27929,-96.06856
240,Felidae,Puma,Puma concolor,Oaxaca,17.27929,-96.06856
252,Felidae,Puma,Puma concolor,Oaxaca,17.27929,-96.06856
259,Felidae,Puma,Puma concolor,Oaxaca,17.27929,-96.06856
260,Felidae,Puma,Puma concolor,Oaxaca,17.27929,-96.06856
293,Felidae,Puma,Puma concolor,Tabasco,17.281578,-91.402514
215,Felidae,Puma,Puma concolor,Oaxaca,17.28263,-96.08487
227,Felidae,Puma,Puma concolor,Oaxaca,17.28263,-96.08487
202,Felidae,Puma,Puma concolor,Oaxaca,17.28596,-96.106
208,Felidae,Puma,Puma concolor,Oaxaca,17.28596,-96.106
219,Felidae,Puma,Puma concolor,Oaxaca,17.28596,-96.106
224,Felidae,Puma,Puma concolor,Oaxaca,17.28596,-96.106
328,Felidae,Puma,Puma concolor,Oaxaca,17.319256,-96.41281
2,Felidae,Puma,Puma concolor,Guerrero,17.369636,-99.578541
476,Felidae,Puma,Puma concolor,Oaxaca,17.498947,-97.96707
472,Felidae,Puma,Puma concolor,Oaxaca,17.499545,-96.142717
302,Felidae,Puma,Puma concolor,Guerrero,17.517307,-100.240165
96,Felidae,Puma,Puma concolor,Oaxaca,17.557078,-96.848874
699,Felidae,Puma,Puma concolor,Oaxaca,17.55897,-96.74444
700,Felidae,Puma,Puma concolor,Oaxaca,17.55897,-96.74444
716,Felidae,Puma,Puma concolor,Oaxaca,17.56375,-96.76952
717,Felidae,Puma,Puma concolor,Oaxaca,17.56375,-96.76952
672,Felidae,Puma,Puma concolor,Oaxaca,17.5645,-96.75576
671,Felidae,Puma,Puma concolor,Oaxaca,17.56686,-96.74426
706,Felidae,Puma,Puma concolor,Oaxaca,17.58373,-96.74639
650,Felidae,Puma,Puma concolor,Oaxaca,17.59256,-96.75997
651,Felidae,Puma,Puma concolor,Oaxaca,17.59256,-96.75997
707,Felidae,Puma,Puma concolor,Oaxaca,17.59641,-96.75185
708,Felidae,Puma,Puma concolor,Oaxaca,17.59641,-96.75185
709,Felidae,Puma,Puma concolor,Oaxaca,17.59641,-96.75185
710,Felidae,Puma,Puma concolor,Oaxaca,17.59641,-96.75185
711,Felidae,Puma,Puma concolor,Oaxaca,17.59641,-96.75185
712,Felidae,Puma,Puma concolor,Oaxaca,17.59641,-96.75185
713,Felidae,Puma,Puma concolor,Oaxaca,17.59641,-96.75185
714,Felidae,Puma,Puma concolor,Oaxaca,17.59641,-96.75185
184,Felidae,Puma,Puma concolor,Oaxaca,17.642262,-97.990959
185,Felidae,Puma,Puma concolor,Oaxaca,17.642262,-97.990959
477,Felidae,Puma,Puma concolor,Oaxaca,17.651059,-97.95851
488,Felidae,Puma,Puma concolor,Oaxaca,17.6528,-95.945775
186,Felidae,Puma,Puma concolor,Oaxaca,17.65678,-97.9622
653,Felidae,Puma,Puma concolor,Oaxaca,17.86304,-97.0439
735,Felidae,Puma,Puma concolor,Oaxaca,17.86731,-97.05266
330,Felidae,Puma,Puma concolor,Oaxaca,17.881913,-97.270718
740,Felidae,Puma,Puma concolor,Oaxaca,17.89391,-97.05795
733,Felidae,Puma,Puma concolor,Oaxaca,17.91152,-97.05477
734,Felidae,Puma,Puma concolor,Oaxaca,17.91152,-97.05477
355,Felidae,Puma,Puma concolor,Oaxaca,18.049848,-97.204113
753,Felidae,Puma,Puma concolor,Campeche,18.087141,-89.681954
396,Felidae,Puma,Puma concolor,Quintana Roo,18.205964,-89.059589
337,Felidae,Puma,Puma concolor,Campeche,18.222869,-89.769386
382,Felidae,Puma,Puma concolor,Michoacan,18.268704,-102.846606
750,Felidae,Puma,Puma concolor,Campeche,18.282007,-89.830527
520,Felidae,Puma,Puma concolor,Michoacan,18.341358,-102.821034
519,Felidae,Puma,Puma concolor,Michoacan,18.341575,-102.820761
447,Felidae,Puma,Puma concolor,Campeche,18.341872,-89.922972
625,Felidae,Puma,Puma concolor,Campeche,18.341872,-89.922972
744,Felidae,Puma,Puma concolor,Campeche,18.362631,-89.891789
450,Felidae,Puma,Puma concolor,Campeche,18.369278,-89.327804
609,Felidae,Puma,Puma concolor,Campeche,18.369278,-89.327804
448,Felidae,Puma,Puma concolor,Campeche,18.400414,-89.262567
449,Felidae,Puma,Puma concolor,Campeche,18.400414,-89.262567
642,Felidae,Puma,Puma concolor,Campeche,18.400414,-89.262567
644,Felidae,Puma,Puma concolor,Campeche,18.400414,-89.262567
451,Felidae,Puma,Puma concolor,Campeche,18.418023,-89.296059
643,Felidae,Puma,Puma concolor,Campeche,18.418023,-89.296059
352,Felidae,Puma,Puma concolor,Jalisco,19.189571,-104.683465
718,Felidae,Puma,Puma concolor,Jalisco,19.3517,-104.160504
719,Felidae,Puma,Puma concolor,Jalisco,19.3517,-104.160504
720,Felidae,Puma,Puma concolor,Jalisco,19.3517,-104.160504
721,Felidae,Puma,Puma concolor,Jalisco,19.3517,-104.160504
723,Felidae,Puma,Puma concolor,Jalisco,19.3517,-104.160504
724,Felidae,Puma,Puma concolor,Jalisco,19.3517,-104.160504
725,Felidae,Puma,Puma concolor,Jalisco,19.3517,-104.160504
726,Felidae,Puma,Puma concolor,Jalisco,19.3517,-104.160504
727,Felidae,Puma,Puma concolor,Jalisco,19.3517,-104.160504
728,Felidae,Puma,Puma concolor,Jalisco,19.3517,-104.160504
729,Felidae,Puma,Puma concolor,Jalisco,19.3517,-104.160504
730,Felidae,Puma,Puma concolor,Jalisco,19.3517,-104.160504
731,Felidae,Puma,Puma concolor,Jalisco,19.3517,-104.160504
274,Felidae,Puma,Puma concolor,Jalisco,19.453235,-103.915295
115,Felidae,Puma,Puma concolor,Colima,19.460738,-103.620187
761,Felidae,Puma,Puma concolor,Jalisco,19.469833,-105.022381
758,Felidae,Puma,Puma concolor,Michoacan,19.475324,-102.327597
279,Felidae,Puma,Puma concolor,Jalisco,19.504459,-104.005826
703,Felidae,Puma,Puma concolor,Jalisco,19.507312,-105.032173
695,Felidae,Puma,Puma concolor,Jalisco,19.522315,-104.268496
696,Felidae,Puma,Puma concolor,Jalisco,19.522315,-104.268496
697,Felidae,Puma,Puma concolor,Jalisco,19.522315,-104.268496
698,Felidae,Puma,Puma concolor,Jalisco,19.522315,-104.268496
674,Felidae,Puma,Puma concolor,Jalisco,19.560503,-104.239429
124,Felidae,Puma,Puma concolor,Jalisco,19.562909,-104.252308
685,Felidae,Puma,Puma concolor,Jalisco,19.564147,-104.246467
686,Felidae,Puma,Puma concolor,Jalisco,19.564147,-104.246467
125,Felidae,Puma,Puma concolor,Jalisco,19.57307,-104.157806
648,Felidae,Puma,Puma concolor,Jalisco,19.582471,-104.28387
649,Felidae,Puma,Puma concolor,Jalisco,19.582471,-104.28387
741,Felidae,Puma,Puma concolor,Jalisco,19.583016,-104.275553
137,Felidae,Puma,Puma concolor,Jalisco,19.583245,-104.268443
722,Felidae,Puma,Puma concolor,Jalisco,19.585389,-104.265503
676,Felidae,Puma,Puma concolor,Jalisco,19.585443,-104.2588
678,Felidae,Puma,Puma concolor,Jalisco,19.585443,-104.2588
273,Felidae,Puma,Puma concolor,Jalisco,19.585583,-104.267217
278,Felidae,Puma,Puma concolor,Jalisco,19.585583,-104.267217
280,Felidae,Puma,Puma concolor,Jalisco,19.585583,-104.267217
691,Felidae,Puma,Puma concolor,Jalisco,19.587947,-104.25918
272,Felidae,Puma,Puma concolor,Jalisco,19.588232,-104.254093
275,Felidae,Puma,Puma concolor,Jalisco,19.588232,-104.254093
276,Felidae,Puma,Puma concolor,Jalisco,19.588232,-104.254093
277,Felidae,Puma,Puma concolor,Jalisco,19.588232,-104.254093
655,Felidae,Puma,Puma concolor,Jalisco,19.588601,-104.268683
656,Felidae,Puma,Puma concolor,Jalisco,19.588601,-104.268683
657,Felidae,Puma,Puma concolor,Jalisco,19.588601,-104.268683
658,Felidae,Puma,Puma concolor,Jalisco,19.588601,-104.268683
659,Felidae,Puma,Puma concolor,Jalisco,19.588601,-104.268683
660,Felidae,Puma,Puma concolor,Jalisco,19.588601,-104.268683
661,Felidae,Puma,Puma concolor,Jalisco,19.588601,-104.268683
662,Felidae,Puma,Puma concolor,Jalisco,19.588601,-104.268683
663,Felidae,Puma,Puma concolor,Jalisco,19.588601,-104.268683
664,Felidae,Puma,Puma concolor,Jalisco,19.588601,-104.268683
665,Felidae,Puma,Puma concolor,Jalisco,19.588601,-104.268683
666,Felidae,Puma,Puma concolor,Jalisco,19.588601,-104.268683
667,Felidae,Puma,Puma concolor,Jalisco,19.588601,-104.268683
668,Felidae,Puma,Puma concolor,Jalisco,19.588601,-104.268683
80,Felidae,Puma,Puma concolor,Quintana Roo,19.589019,-87.979581
692,Felidae,Puma,Puma concolor,Jalisco,19.591282,-104.281524
693,Felidae,Puma,Puma concolor,Jalisco,19.591282,-104.281524
694,Felidae,Puma,Puma concolor,Jalisco,19.591282,-104.281524
679,Felidae,Puma,Puma concolor,Jalisco,19.595698,-104.265066
680,Felidae,Puma,Puma concolor,Jalisco,19.595698,-104.265066
673,Felidae,Puma,Puma concolor,Jalisco,19.597707,-104.297543
737,Felidae,Puma,Puma concolor,Jalisco,19.60209,-104.270405
677,Felidae,Puma,Puma concolor,Jalisco,19.605099,-104.254858
715,Felidae,Puma,Puma concolor,Jalisco,19.605126,-104.276999
687,Felidae,Puma,Puma concolor,Jalisco,19.608327,-104.277462
688,Felidae,Puma,Puma concolor,Jalisco,19.608327,-104.277462
493,Felidae,Puma,Puma concolor,Jalisco,19.614219,-104.285649
492,Felidae,Puma,Puma concolor,Jalisco,19.614276,-104.285569
652,Felidae,Puma,Puma concolor,Jalisco,19.618614,-104.369805
491,Felidae,Puma,Puma concolor,Jalisco,19.620614,-104.2786
494,Felidae,Puma,Puma concolor,Jalisco,19.620857,-104.278858
675,Felidae,Puma,Puma concolor,Jalisco,19.627395,-104.32447
490,Felidae,Puma,Puma concolor,Jalisco,19.642197,-104.332915
736,Felidae,Puma,Puma concolor,Jalisco,19.64863,-104.336114
1,Felidae,Puma,Puma concolor,Michoacan,19.709241,-101.592133
271,Felidae,Puma,Puma concolor,Yucatán,20.07827,-89.388992
296,Felidae,Puma,Puma concolor,Hidalgo,20.263185,-98.828805
297,Felidae,Puma,Puma concolor,Hidalgo,20.301616,-98.811072
762,Felidae,Puma,Puma concolor,Yucatán,20.312433,-89.434204
288,Felidae,Puma,Puma concolor,Hidalgo,20.3226,-98.829812
145,Felidae,Puma,Puma concolor,Hidalgo,20.331411,-98.821708
294,Felidae,Puma,Puma concolor,Hidalgo,20.336586,-98.847348
295,Felidae,Puma,Puma concolor,Hidalgo,20.348352,-98.819379
290,Felidae,Puma,Puma concolor,Hidalgo,20.385701,-98.831238
291,Felidae,Puma,Puma concolor,Hidalgo,20.396071,-98.836057
364,Felidae,Puma,Puma concolor,Puebla,20.421227,-98.028791
504,Felidae,Puma,Puma concolor,Jalisco,20.424881,-104.653751
517,Felidae,Puma,Puma concolor,Jalisco,20.550509,-104.859009
516,Felidae,Puma,Puma concolor,Jalisco,20.581367,-104.820557
483,Felidae,Puma,Puma concolor,Querétaro,20.878119,-100.090343
377,Felidae,Puma,Puma concolor,Hidalgo,20.902295,-99.246575
6,Felidae,Puma,Puma concolor,Nayarit,20.929823,-105.276558
747,Felidae,Puma,Puma concolor,Jalisco,21.060241,-104.109831
467,Felidae,Puma,Puma concolor,Guanajuato,21.063259,-101.224605
395,Felidae,Puma,Puma concolor,Quintana Roo,21.202746,-87.166488
398,Felidae,Puma,Puma concolor,Guanajuato,21.212432,-100.320919
399,Felidae,Puma,Puma concolor,Quintana roo,21.22956,-87.19564
616,Felidae,Puma,Puma concolor,Quintana roo,21.22956,-87.19564
370,Felidae,Puma,Puma concolor,Guanajuato,21.263193,-100.229469
384,Felidae,Puma,Puma concolor,Guanajuato,21.263816,-100.394578
400,Felidae,Puma,Puma concolor,Quintana roo,21.266667,-87.16079
637,Felidae,Puma,Puma concolor,Quintana roo,21.266667,-87.16079
393,Felidae,Puma,Puma concolor,Guanajuato,21.296227,-99.711206
496,Felidae,Puma,Puma concolor,Guanajuato,21.314583,-100.336139
502,Felidae,Puma,Puma concolor,Guanajuato,21.314583,-100.324556
408,Felidae,Puma,Puma concolor,Yucatan,21.33084,-87.59589
620,Felidae,Puma,Puma concolor,Yucatan,21.33084,-87.59589
429,Felidae,Puma,Puma concolor,Yucatan,21.3327,-87.5549
603,Felidae,Puma,Puma concolor,Yucatan,21.3327,-87.5549
430,Felidae,Puma,Puma concolor,Yucatan,21.33564,-87.61134
624,Felidae,Puma,Puma concolor,Yucatan,21.33564,-87.61134
7,Felidae,Puma,Puma concolor,Nayarit,21.34166,-104.797635
411,Felidae,Puma,Puma concolor,Yucatan,21.34237,-87.62753
439,Felidae,Puma,Puma concolor,Yucatan,21.34237,-87.62753
607,Felidae,Puma,Puma concolor,Yucatan,21.34237,-87.62753
608,Felidae,Puma,Puma concolor,Yucatan,21.34237,-87.62753
415,Felidae,Puma,Puma concolor,Yucatan,21.34573,-87.53378
423,Felidae,Puma,Puma concolor,Yucatan,21.34573,-87.53378
441,Felidae,Puma,Puma concolor,Yucatan,21.34573,-87.53378
445,Felidae,Puma,Puma concolor,Yucatan,21.34573,-87.53378
633,Felidae,Puma,Puma concolor,Yucatan,21.34573,-87.53378
634,Felidae,Puma,Puma concolor,Yucatan,21.34573,-87.53378
635,Felidae,Puma,Puma concolor,Yucatan,21.34573,-87.53378
636,Felidae,Puma,Puma concolor,Yucatan,21.34573,-87.53378
414,Felidae,Puma,Puma concolor,Yucatan,21.34861,-87.58708
427,Felidae,Puma,Puma concolor,Yucatan,21.34861,-87.58708
443,Felidae,Puma,Puma concolor,Yucatan,21.34861,-87.58708
628,Felidae,Puma,Puma concolor,Yucatan,21.34861,-87.58708
629,Felidae,Puma,Puma concolor,Yucatan,21.34861,-87.58708
630,Felidae,Puma,Puma concolor,Yucatan,21.34861,-87.58708
409,Felidae,Puma,Puma concolor,Yucatan,21.35151,-87.60152
421,Felidae,Puma,Puma concolor,Yucatan,21.35151,-87.60152
428,Felidae,Puma,Puma concolor,Yucatan,21.35151,-87.60152
437,Felidae,Puma,Puma concolor,Yucatan,21.35151,-87.60152
638,Felidae,Puma,Puma concolor,Yucatan,21.35151,-87.60152
639,Felidae,Puma,Puma concolor,Yucatan,21.35151,-87.60152
640,Felidae,Puma,Puma concolor,Yucatan,21.35151,-87.60152
641,Felidae,Puma,Puma concolor,Yucatan,21.35151,-87.60152
404,Felidae,Puma,Puma concolor,Yucatan,21.35728,-87.551
405,Felidae,Puma,Puma concolor,Yucatan,21.35728,-87.551
413,Felidae,Puma,Puma concolor,Yucatan,21.35728,-87.551
422,Felidae,Puma,Puma concolor,Yucatan,21.35728,-87.551
425,Felidae,Puma,Puma concolor,Yucatan,21.35728,-87.551
438,Felidae,Puma,Puma concolor,Yucatan,21.35728,-87.551
595,Felidae,Puma,Puma concolor,Yucatan,21.35728,-87.551
596,Felidae,Puma,Puma concolor,Yucatan,21.35728,-87.551
597,Felidae,Puma,Puma concolor,Yucatan,21.35728,-87.551
598,Felidae,Puma,Puma concolor,Yucatan,21.35728,-87.551
599,Felidae,Puma,Puma concolor,Yucatan,21.35728,-87.551
600,Felidae,Puma,Puma concolor,Yucatan,21.35728,-87.551
424,Felidae,Puma,Puma concolor,Yucatan,21.35738,-87.5602
434,Felidae,Puma,Puma concolor,Yucatan,21.35738,-87.5602
631,Felidae,Puma,Puma concolor,Yucatan,21.35738,-87.5602
632,Felidae,Puma,Puma concolor,Yucatan,21.35738,-87.5602
401,Felidae,Puma,Puma concolor,Yucatan,21.35892,-87.62799
402,Felidae,Puma,Puma concolor,Yucatan,21.35892,-87.62799
403,Felidae,Puma,Puma concolor,Yucatan,21.35892,-87.62799
407,Felidae,Puma,Puma concolor,Yucatan,21.35892,-87.62799
416,Felidae,Puma,Puma concolor,Yucatan,21.35892,-87.62799
431,Felidae,Puma,Puma concolor,Yucatan,21.35892,-87.62799
433,Felidae,Puma,Puma concolor,Yucatan,21.35892,-87.62799
436,Felidae,Puma,Puma concolor,Yucatan,21.35892,-87.62799
442,Felidae,Puma,Puma concolor,Yucatan,21.35892,-87.62799
610,Felidae,Puma,Puma concolor,Yucatan,21.35892,-87.62799
611,Felidae,Puma,Puma concolor,Yucatan,21.35892,-87.62799
613,Felidae,Puma,Puma concolor,Yucatan,21.35892,-87.62799
614,Felidae,Puma,Puma concolor,Yucatan,21.35892,-87.62799
615,Felidae,Puma,Puma concolor,Yucatan,21.35892,-87.62799
617,Felidae,Puma,Puma concolor,Yucatan,21.35892,-87.62799
618,Felidae,Puma,Puma concolor,Yucatan,21.35892,-87.62799
619,Felidae,Puma,Puma concolor,Yucatan,21.35892,-87.62799
621,Felidae,Puma,Puma concolor,Yucatan,21.35892,-87.62799
432,Felidae,Puma,Puma concolor,Yucatan,21.3593,-87.61688
435,Felidae,Puma,Puma concolor,Yucatan,21.3593,-87.61688
444,Felidae,Puma,Puma concolor,Yucatan,21.3593,-87.61688
645,Felidae,Puma,Puma concolor,Yucatan,21.3593,-87.61688
646,Felidae,Puma,Puma concolor,Yucatan,21.3593,-87.61688
647,Felidae,Puma,Puma concolor,Yucatan,21.3593,-87.61688
24,Felidae,Puma,Puma concolor,Guanajuato,21.36019,-99.79214
410,Felidae,Puma,Puma concolor,Yucatan,21.36778,-87.60232
417,Felidae,Puma,Puma concolor,Yucatan,21.36778,-87.60232
418,Felidae,Puma,Puma concolor,Yucatan,21.36778,-87.60232
420,Felidae,Puma,Puma concolor,Yucatan,21.36778,-87.60232
622,Felidae,Puma,Puma concolor,Yucatan,21.36778,-87.60232
623,Felidae,Puma,Puma concolor,Yucatan,21.36778,-87.60232
626,Felidae,Puma,Puma concolor,Yucatan,21.36778,-87.60232
627,Felidae,Puma,Puma concolor,Yucatan,21.36778,-87.60232
406,Felidae,Puma,Puma concolor,Yucatan,21.36951,-87.53366
412,Felidae,Puma,Puma concolor,Yucatan,21.36951,-87.53366
605,Felidae,Puma,Puma concolor,Yucatan,21.36951,-87.53366
606,Felidae,Puma,Puma concolor,Yucatan,21.36951,-87.53366
440,Felidae,Puma,Puma concolor,Yucatan,21.37778,-87.53464
612,Felidae,Puma,Puma concolor,Yucatan,21.37778,-87.53464
419,Felidae,Puma,Puma concolor,Yucatan,21.3783,-87.55978
426,Felidae,Puma,Puma concolor,Yucatan,21.3783,-87.55978
446,Felidae,Puma,Puma concolor,Yucatan,21.3783,-87.55978
601,Felidae,Puma,Puma concolor,Yucatan,21.3783,-87.55978
602,Felidae,Puma,Puma concolor,Yucatan,21.3783,-87.55978
604,Felidae,Puma,Puma concolor,Yucatan,21.3783,-87.55978
385,Felidae,Puma,Puma concolor,Guanajuato,21.38065,-100.29448
146,Felidae,Puma,Puma concolor,Guanajuato,21.382993,-99.802379
8,Felidae,Puma,Puma concolor,Nayarit,21.397679,-105.126906
501,Felidae,Puma,Puma concolor,Guanajuato,21.398303,-100.267861
25,Felidae,Puma,Puma concolor,Guanajuato,21.40982,-99.78918
15,Felidae,Puma,Puma concolor,Guanajuato,21.423583,-100.145145
681,Felidae,Puma,Puma concolor,Guanajuato,21.43246,-99.86508
682,Felidae,Puma,Puma concolor,Guanajuato,21.43246,-99.86508
683,Felidae,Puma,Puma concolor,Guanajuato,21.43246,-99.86508
684,Felidae,Puma,Puma concolor,Guanajuato,21.43246,-99.86508
701,Felidae,Puma,Puma concolor,Guanajuato,21.44367,-99.87557
702,Felidae,Puma,Puma concolor,Guanajuato,21.44367,-99.87557
704,Felidae,Puma,Puma concolor,Guanajuato,21.44367,-99.87557
705,Felidae,Puma,Puma concolor,Guanajuato,21.44367,-99.87557
669,Felidae,Puma,Puma concolor,Guanajuato,21.443889,-100.095556
670,Felidae,Puma,Puma concolor,Guanajuato,21.443889,-100.095556
338,Felidae,Puma,Puma concolor,Guanajuato,21.453753,-100.261034
732,Felidae,Puma,Puma concolor,Guanajuato,21.45447,-100.0945
104,Felidae,Puma,Puma concolor,Guanajuato,21.461007,-100.1184
21,Felidae,Puma,Puma concolor,Guanajuato,21.467031,-100.11341
56,Felidae,Puma,Puma concolor,Guanajuato,21.467031,-100.11341
57,Felidae,Puma,Puma concolor,Guanajuato,21.467031,-100.11341
59,Felidae,Puma,Puma concolor,Guanajuato,21.467031,-100.11341
101,Felidae,Puma,Puma concolor,Guanajuato,21.467031,-100.11341
123,Felidae,Puma,Puma concolor,Guanajuato,21.467031,-100.11341
43,Felidae,Puma,Puma concolor,Guanajuato,21.47171,-100.113582
63,Felidae,Puma,Puma concolor,Guanajuato,21.47171,-100.113582
64,Felidae,Puma,Puma concolor,Guanajuato,21.47171,-100.113582
67,Felidae,Puma,Puma concolor,Guanajuato,21.47171,-100.113582
86,Felidae,Puma,Puma concolor,Guanajuato,21.47171,-100.113582
118,Felidae,Puma,Puma concolor,Guanajuato,21.47171,-100.113582
120,Felidae,Puma,Puma concolor,Guanajuato,21.47171,-100.113582
121,Felidae,Puma,Puma concolor,Guanajuato,21.47171,-100.113582
83,Felidae,Puma,Puma concolor,Guanajuato,21.474146,-100.111276
45,Felidae,Puma,Puma concolor,Guanajuato,21.47847,-100.129735
65,Felidae,Puma,Puma concolor,Guanajuato,21.47982,-100.12656
102,Felidae,Puma,Puma concolor,Guanajuato,21.480231,-100.120551
17,Felidae,Puma,Puma concolor,Guanajuato,21.481541,-100.115704
18,Felidae,Puma,Puma concolor,Guanajuato,21.481541,-100.115704
19,Felidae,Puma,Puma concolor,Guanajuato,21.481541,-100.115704
20,Felidae,Puma,Puma concolor,Guanajuato,21.481541,-100.115704
13,Felidae,Puma,Puma concolor,Guanajuato,21.485445,-100.096391
14,Felidae,Puma,Puma concolor,Guanajuato,21.485445,-100.096391
66,Felidae,Puma,Puma concolor,Guanajuato,21.485445,-100.096391
99,Felidae,Puma,Puma concolor,Guanajuato,21.485445,-100.096391
100,Felidae,Puma,Puma concolor,Guanajuato,21.485445,-100.096391
119,Felidae,Puma,Puma concolor,Guanajuato,21.485445,-100.096391
738,Felidae,Puma,Puma concolor,Guanajuato,21.49083,-100.07576
739,Felidae,Puma,Puma concolor,Guanajuato,21.49083,-100.07576
82,Felidae,Puma,Puma concolor,Guanajuato,21.504693,-100.067717
314,Felidae,Puma,Puma concolor,Yucatán,21.506178,-87.806716
84,Felidae,Puma,Puma concolor,Guanajuato,21.51107,-100.013302
324,Felidae,Puma,Puma concolor,Guanajuato,21.526108,-100.347582
521,Felidae,Puma,Puma concolor,Guanajuato,21.535962,-100.099657
89,Felidae,Puma,Puma concolor,Guanajuato,21.544974,-100.134058
88,Felidae,Puma,Puma concolor,Guanajuato,21.608919,-100.402698
347,Felidae,Puma,Puma concolor,Jalisco,21.738143,-103.861828
515,Felidae,Puma,Puma concolor,Jalisco,21.869146,-103.872299
485,Felidae,Puma,Puma concolor,Jalisco,21.903234,-103.849554
389,Felidae,Puma,Puma concolor,Aguascalientes,22.061416,-102.546657
743,Felidae,Puma,Puma concolor,Aguascalientes,22.084303,-102.689614
36,Felidae,Puma,Puma concolor,Zacatecas,22.129571,-103.657877
95,Felidae,Puma,Puma concolor,San Luis Potosí,22.140522,-100.500976
353,Felidae,Puma,Puma concolor,San Luis Potosí,22.141362,-101.023207
154,Felidae,Puma,Puma concolor,San luis potosi,22.162222,-98.938333
159,Felidae,Puma,Puma concolor,San luis potosi,22.162222,-98.938333
164,Felidae,Puma,Puma concolor,San luis potosi,22.162222,-98.938333
169,Felidae,Puma,Puma concolor,San luis potosi,22.162222,-98.938333
170,Felidae,Puma,Puma concolor,San luis potosi,22.162222,-98.938333
171,Felidae,Puma,Puma concolor,San luis potosi,22.162222,-98.938333
155,Felidae,Puma,Puma concolor,San luis potosi,22.200556,-98.955
165,Felidae,Puma,Puma concolor,San luis potosi,22.200556,-98.955
168,Felidae,Puma,Puma concolor,San luis potosi,22.200556,-98.955
79,Felidae,Puma,Puma concolor,Aguascalientes,22.213399,-102.075523
173,Felidae,Puma,Puma concolor,San luis potosi,22.2275,-98.951667
153,Felidae,Puma,Puma concolor,San luis potosi,22.227778,-98.939444
163,Felidae,Puma,Puma concolor,San luis potosi,22.234167,-98.953333
167,Felidae,Puma,Puma concolor,San luis potosi,22.234167,-98.953333
156,Felidae,Puma,Puma concolor,San luis potosi,22.250833,-98.952778
157,Felidae,Puma,Puma concolor,San luis potosi,22.250833,-98.952778
160,Felidae,Puma,Puma concolor,San luis potosi,22.271111,-98.972222
158,Felidae,Puma,Puma concolor,San luis potosi,22.301111,-98.966944
161,Felidae,Puma,Puma concolor,San luis potosi,22.301111,-98.966944
162,Felidae,Puma,Puma concolor,San luis potosi,22.301111,-98.966944
166,Felidae,Puma,Puma concolor,San luis potosi,22.301111,-98.966944
172,Felidae,Puma,Puma concolor,San luis potosi,22.301111,-98.966944
325,Felidae,Puma,Puma concolor,San Luis Potosi,22.343989,-99.18471
97,Felidae,Puma,Puma concolor,Zacatecas,22.364597,-103.572892
455,Felidae,Puma,Puma concolor,Nayarit,22.41,-105.047
537,Felidae,Puma,Puma concolor,Sinaloa,22.56797,-105.567627
545,Felidae,Puma,Puma concolor,Sinaloa,22.59119,-105.569
546,Felidae,Puma,Puma concolor,Sinaloa,22.591428,-105.569
454,Felidae,Puma,Puma concolor,Nayarit,22.63,-105.218
548,Felidae,Puma,Puma concolor,Sinaloa,22.669739,-105.573678
547,Felidae,Puma,Puma concolor,Sinaloa,22.677065,-105.548916
339,Felidae,Puma,Puma concolor,Sinaloa,22.940556,-106.117222
527,Felidae,Puma,Puma concolor,Sinaloa,23.155069,-105.91537
554,Felidae,Puma,Puma concolor,Sinaloa,23.256901,-105.988541
346,Felidae,Puma,Puma concolor,Sinaloa,23.266337,-105.90234
552,Felidae,Puma,Puma concolor,Sinaloa,23.290313,-105.991974
556,Felidae,Puma,Puma concolor,Sinaloa,23.290313,-105.983734
551,Felidae,Puma,Puma concolor,Sinaloa,23.290391,-105.99206
550,Felidae,Puma,Puma concolor,Sinaloa,23.290549,-105.983992
549,Felidae,Puma,Puma concolor,Sinaloa,23.290549,-105.983562
560,Felidae,Puma,Puma concolor,Sinaloa,23.291377,-105.983391
553,Felidae,Puma,Puma concolor,Sinaloa,23.291436,-105.983434
557,Felidae,Puma,Puma concolor,Sinaloa,23.291574,-105.98352
555,Felidae,Puma,Puma concolor,Sinaloa,23.291574,-105.983348
561,Felidae,Puma,Puma concolor,Sinaloa,23.291594,-105.983455
558,Felidae,Puma,Puma concolor,Sinaloa,23.291732,-105.983455
87,Felidae,Puma,Puma concolor,Durango,23.291773,-105.278321
74,Felidae,Puma,Puma concolor,Durango,23.300011,-104.969744
340,Felidae,Puma,Puma concolor,Sinaloa,23.301527,-105.981704
559,Felidae,Puma,Puma concolor,Sinaloa,23.30334,-105.948329
562,Felidae,Puma,Puma concolor,Sinaloa,23.303438,-105.939467
77,Felidae,Puma,Puma concolor,Durango,23.303494,-104.974839
565,Felidae,Puma,Puma concolor,Sinaloa,23.311873,-105.973821
567,Felidae,Puma,Puma concolor,Sinaloa,23.31207,-105.973907
563,Felidae,Puma,Puma concolor,Sinaloa,23.31207,-105.973864
564,Felidae,Puma,Puma concolor,Sinaloa,23.319361,-105.974572
570,Felidae,Puma,Puma concolor,Sinaloa,23.31938,-105.974486
392,Felidae,Puma,Puma concolor,Tamaulipas,23.328858,-98.887939
566,Felidae,Puma,Puma concolor,Sinaloa,23.332799,-105.929575
585,Felidae,Puma,Puma concolor,Sinaloa,23.346393,-105.998132
573,Felidae,Puma,Puma concolor,Sinaloa,23.353505,-105.989206
574,Felidae,Puma,Puma concolor,Sinaloa,23.353525,-105.989099
582,Felidae,Puma,Puma concolor,Sinaloa,23.353544,-105.989141
586,Felidae,Puma,Puma concolor,Sinaloa,23.353564,-105.989163
572,Felidae,Puma,Puma concolor,Sinaloa,23.353603,-105.989141
571,Felidae,Puma,Puma concolor,Sinaloa,23.353623,-105.989227
569,Felidae,Puma,Puma concolor,Sinaloa,23.353662,-105.989227
568,Felidae,Puma,Puma concolor,Sinaloa,23.353722,-105.989249
524,Felidae,Puma,Puma concolor,Sinaloa,23.355593,-106.046884
525,Felidae,Puma,Puma concolor,Sinaloa,23.355692,-106.046841
526,Felidae,Puma,Puma concolor,Sinaloa,23.356381,-106.041627
580,Felidae,Puma,Puma concolor,Sinaloa,23.358646,-106.003346
576,Felidae,Puma,Puma concolor,Sinaloa,23.358646,-106.003304
577,Felidae,Puma,Puma concolor,Sinaloa,23.358765,-106.003346
581,Felidae,Puma,Puma concolor,Sinaloa,23.358843,-106.003561
588,Felidae,Puma,Puma concolor,Sinaloa,23.358883,-106.033752
575,Felidae,Puma,Puma concolor,Sinaloa,23.358922,-106.003604
583,Felidae,Puma,Puma concolor,Sinaloa,23.359001,-106.003947
587,Felidae,Puma,Puma concolor,Sinaloa,23.35904,-106.033645
579,Felidae,Puma,Puma concolor,Sinaloa,23.35904,-106.003647
578,Felidae,Puma,Puma concolor,Sinaloa,23.359119,-106.00399
584,Felidae,Puma,Puma concolor,Sinaloa,23.359119,-106.003604
540,Felidae,Puma,Puma concolor,Sinaloa,23.369362,-106.01532
541,Felidae,Puma,Puma concolor,Sinaloa,23.36952,-106.014805
85,Felidae,Puma,Puma concolor,Durango,23.373806,-104.974806
336,Felidae,Puma,Puma concolor,Durango,23.37546,-104.959705
544,Felidae,Puma,Puma concolor,Sinaloa,23.381495,-106.058578
542,Felidae,Puma,Puma concolor,Sinaloa,23.382283,-105.979271
373,Felidae,Puma,Puma concolor,Durango,23.382952,-104.182863
81,Felidae,Puma,Puma concolor,Durango,23.387689,-104.944785
589,Felidae,Puma,Puma concolor,Sinaloa,23.388113,-106.010814
592,Felidae,Puma,Puma concolor,Sinaloa,23.388113,-106.010685
591,Felidae,Puma,Puma concolor,Sinaloa,23.406388,-105.980816
590,Felidae,Puma,Puma concolor,Sinaloa,23.406428,-105.980902
538,Felidae,Puma,Puma concolor,Sinaloa,23.409381,-106.047935
539,Felidae,Puma,Puma concolor,Sinaloa,23.410012,-105.991287
543,Felidae,Puma,Puma concolor,Sinaloa,23.411272,-105.991631
76,Felidae,Puma,Puma concolor,Durango,23.423804,-104.935551
75,Felidae,Puma,Puma concolor,Durango,23.435827,-104.950331
78,Felidae,Puma,Puma concolor,Durango,23.448633,-104.96059
55,Felidae,Puma,Puma concolor,San Luis Potosí,23.506124,-101.043745
299,Felidae,Puma,Puma concolor,Tamaulipas,23.536451,-99.178201
469,Felidae,Puma,Puma concolor,Baja California Sur,23.550702,-109.991752
532,Felidae,Puma,Puma concolor,Sinaloa,23.622134,-106.662215
127,Felidae,Puma,Puma concolor,Tamaulipas,23.62823,-99.19642
303,Felidae,Puma,Puma concolor,Tamaulipas,23.628813,-99.198883
594,Felidae,Puma,Puma concolor,Sinaloa,23.635954,-106.379027
304,Felidae,Puma,Puma concolor,Tamaulipas,23.637525,-99.19168
141,Felidae,Puma,Puma concolor,Sinaloa,23.652607,-106.668059
143,Felidae,Puma,Puma concolor,Sinaloa,23.652607,-106.668059
144,Felidae,Puma,Puma concolor,Sinaloa,23.652607,-106.668059
133,Felidae,Puma,Puma concolor,Sinaloa,23.653861,-106.676292
134,Felidae,Puma,Puma concolor,Sinaloa,23.653861,-106.676292
135,Felidae,Puma,Puma concolor,Sinaloa,23.653861,-106.676292
126,Felidae,Puma,Puma concolor,Tamaulipas,23.654007,-99.185323
529,Felidae,Puma,Puma concolor,Sinaloa,23.658043,-106.656545
530,Felidae,Puma,Puma concolor,Sinaloa,23.658043,-106.656545
535,Felidae,Puma,Puma concolor,Sinaloa,23.663393,-106.598969
531,Felidae,Puma,Puma concolor,Sinaloa,23.667481,-106.647441
528,Felidae,Puma,Puma concolor,Sinaloa,23.667569,-106.636884
376,Felidae,Puma,Puma concolor,Sinaloa,23.67304,-106.664964
757,Felidae,Puma,Puma concolor,Sinaloa,23.678675,-106.59399
480,Felidae,Puma,Puma concolor,Sinaloa,23.681841,-106.592499
536,Felidae,Puma,Puma concolor,Sinaloa,23.6819,-106.591888
755,Felidae,Puma,Puma concolor,Sinaloa,23.68213,-106.592631
523,Felidae,Puma,Puma concolor,Sinaloa,23.682145,-106.591857
756,Felidae,Puma,Puma concolor,Sinaloa,23.682325,-106.593759
514,Felidae,Puma,Puma concolor,Sinaloa,23.683487,-106.591413
534,Felidae,Puma,Puma concolor,Sinaloa,23.686995,-106.623108
388,Felidae,Puma,Puma concolor,Sinaloa,23.697443,-106.27141
533,Felidae,Puma,Puma concolor,Sinaloa,23.700454,-106.626134
187,Felidae,Puma,Puma concolor,Sinaloa,23.701975,-106.789622
122,Felidae,Puma,Puma concolor,Tamaulipas,23.70854,-99.264622
464,Felidae,Puma,Puma concolor,Zacatecas,23.778222,-103.793139
760,Felidae,Puma,Puma concolor,Nuevo Leon,23.924131,-99.813506
105,Felidae,Puma,Puma concolor,Tamaulipas,24.197314,-98.799315
147,Felidae,Puma,Puma concolor,Baja California Sur,24.334784,-110.286537
22,Felidae,Puma,Puma concolor,Sinaloa,24.361225,-106.758349
759,Felidae,Puma,Puma concolor,Nuevo Leon,24.365354,-99.698567
23,Felidae,Puma,Puma concolor,Sinaloa,24.404031,-106.608903
319,Felidae,Puma,Puma concolor,Tamaulipas,24.417388,-98.415023
300,Felidae,Puma,Puma concolor,Tamaulipas,24.486075,-98.282179
318,Felidae,Puma,Puma concolor,Tamaulipas,24.496051,-98.490667
71,Felidae,Puma,Puma concolor,Tamaulipas,24.54409,-98.90456
511,Felidae,Puma,Puma concolor,Zacatecas,24.608208,-101.55336
38,Felidae,Puma,Puma concolor,Zacatecas,24.683876,-101.562732
40,Felidae,Puma,Puma concolor,Zacatecas,24.683876,-101.562732
27,Felidae,Puma,Puma concolor,Zacatecas,24.684051,-101.571653
29,Felidae,Puma,Puma concolor,Zacatecas,24.684051,-101.571653
30,Felidae,Puma,Puma concolor,Zacatecas,24.684051,-101.571653
32,Felidae,Puma,Puma concolor,Zacatecas,24.684051,-101.571653
34,Felidae,Puma,Puma concolor,Zacatecas,24.684051,-101.571653
62,Felidae,Puma,Puma concolor,Zacatecas,24.684151,-101.560868
60,Felidae,Puma,Puma concolor,Zacatecas,24.684482,-101.568218
139,Felidae,Puma,Puma concolor,Durango,24.951537,-105.978631
334,Felidae,Puma,Puma concolor,Durango,25.25024,-105.846933
5,Felidae,Puma,Puma concolor,Coahuila,25.255354,-100.825258
746,Felidae,Puma,Puma concolor,Coahuila,25.277414,-100.931257
745,Felidae,Puma,Puma concolor,Coahuila,25.323265,-100.920088
44,Felidae,Puma,Puma concolor,Nuevo Leon,25.326714,-100.064247
320,Felidae,Puma,Puma concolor,Coahuila,25.342533,-100.92099
371,Felidae,Puma,Puma concolor,Coahuila,25.347047,-100.926675
281,Felidae,Puma,Puma concolor,Coahuila,25.383907,-100.914992
47,Felidae,Puma,Puma concolor,Nuevo Leon,25.429682,-100.185455
11,Felidae,Puma,Puma concolor,Nuevo Leon,25.483838,-100.387521
391,Felidae,Puma,Puma concolor,Nuevo Leon,25.487711,-100.274655
58,Felidae,Puma,Puma concolor,Durango,25.535986,-103.682306
748,Felidae,Puma,Puma concolor,Nuevo Leon,25.54286,-100.271576
138,Felidae,Puma,Puma concolor,Nuevo Leon,25.543933,-100.527839
332,Felidae,Puma,Puma concolor,Nuevo Leon,25.60431,-100.20746
321,Felidae,Puma,Puma concolor,Nuevo Leon,25.692488,-100.571917
390,Felidae,Puma,Puma concolor,Nuevo Leon,25.693705,-99.631103
465,Felidae,Puma,Puma concolor,Nuevo Leon,25.799104,-98.729429
46,Felidae,Puma,Puma concolor,Coahuila,25.89687,-102.458705
289,Felidae,Puma,Puma concolor,Nuevo Leon,26.281472,-100.911297
283,Felidae,Puma,Puma concolor,Nuevo Leon,26.315539,-100.056282
282,Felidae,Puma,Puma concolor,Nuevo Leon,26.316426,-100.056986
284,Felidae,Puma,Puma concolor,Nuevo Leon,26.31792,-100.054733
287,Felidae,Puma,Puma concolor,Nuevo Leon,26.31827,-100.059583
285,Felidae,Puma,Puma concolor,Nuevo Leon,26.318557,-100.056403
286,Felidae,Puma,Puma concolor,Nuevo Leon,26.320265,-100.057929
28,Felidae,Puma,Puma concolor,Baja California Sur,26.32458,-112.03853
35,Felidae,Puma,Puma concolor,Baja California Sur,26.32566,-112.03827
31,Felidae,Puma,Puma concolor,Baja California Sur,26.32621,-112.03805
72,Felidae,Puma,Puma concolor,Baja California Sur,26.341356,-111.464899
33,Felidae,Puma,Puma concolor,Baja California Sur,26.396527,-112.054382
264,Felidae,Puma,Puma concolor,Durango,26.644899,-103.625297
265,Felidae,Puma,Puma concolor,Durango,26.650898,-103.767197
53,Felidae,Puma,Puma concolor,Coahuila,26.88889,-102.196305
452,Felidae,Puma,Puma concolor,Baja california sur,26.899722,-112.508056
453,Felidae,Puma,Puma concolor,Baja california sur,26.899722,-112.508056
512,Felidae,Puma,Puma concolor,Sonora,27.004201,-108.798294
466,Felidae,Puma,Puma concolor,Sonora,27.01509,-108.80722
333,Felidae,Puma,Puma concolor,Sonora,27.04814,-108.728488
70,Felidae,Puma,Puma concolor,Coahuila,27.450255,-101.208204
322,Felidae,Puma,Puma concolor,Coahuila,27.898673,-100.721631
151,Felidae,Puma,Puma concolor,Coahuila,28.300797,-101.00655
345,Felidae,Puma,Puma concolor,,28.355968,-112.36704
73,Felidae,Puma,Puma concolor,Chihuahua,28.446879,-107.788189
54,Felidae,Puma,Puma concolor,Sonora,28.598161,-108.754932
113,Felidae,Puma,Puma concolor,Sonora,28.85747,-110.95829
335,Felidae,Puma,Puma concolor,Chihuahua,28.857599,-106.585688
351,Felidae,Puma,Puma concolor,Coahuila,28.963259,-102.57904
306,Felidae,Puma,Puma concolor,Chihuahua,29.03778,-103.939374
112,Felidae,Puma,Puma concolor,Chihuahua,29.056349,-108.451209
367,Felidae,Puma,Puma concolor,Coahuila,29.057403,-103.037452
366,Felidae,Puma,Puma concolor,Coahuila,29.058003,-103.038482
103,Felidae,Puma,Puma concolor,Chihuahua,29.125567,-108.68919
298,Felidae,Puma,Puma concolor,Sonora,29.153945,-110.944
292,Felidae,Puma,Puma concolor,Sonora,29.154179,-110.945656
42,Felidae,Puma,Puma concolor,Coahuila,29.166528,-102.7785
381,Felidae,Puma,Puma concolor,Coahuila,29.178255,-102.696458
110,Felidae,Puma,Puma concolor,Chihuahua,29.190869,-108.474859
313,Felidae,Puma,Puma concolor,Chihuahua,29.259797,-104.115557
315,Felidae,Puma,Puma concolor,Sonora,29.283816,-111.969216
51,Felidae,Puma,Puma concolor,Sonora,29.318496,-110.543156
52,Felidae,Puma,Puma concolor,Sonora,29.318496,-110.543156
375,Felidae,Puma,Puma concolor,Chihuahua,29.336216,-104.21813
4,Felidae,Puma,Puma concolor,Sonora,29.363078,-109.114699
316,Felidae,Puma,Puma concolor,Sonora,29.377001,-111.992959
317,Felidae,Puma,Puma concolor,Sonora,29.379058,-111.953087
26,Felidae,Puma,Puma concolor,Baja California,29.423138,-113.96475
689,Felidae,Puma,Puma concolor,Sonora,29.472158,-108.978641
394,Felidae,Puma,Puma concolor,Sonora,29.51824,-110.155292
69,Felidae,Puma,Puma concolor,Baja California,30.200083,-115.745689
372,Felidae,Puma,Puma concolor,Baja California,30.208694,-115.709979
343,Felidae,Puma,Puma concolor,Sonora,30.398983,-110.332742
461,Felidae,Puma,Puma concolor,Chihuahua,30.534722,-108.6025
68,Felidae,Puma,Puma concolor,Chihuahua,30.548256,-108.613107
460,Felidae,Puma,Puma concolor,Chihuahua,30.549444,-108.620833
459,Felidae,Puma,Puma concolor,Chihuahua,30.551667,-108.625
457,Felidae,Puma,Puma concolor,Chihuahua,30.553056,-108.616944
386,Felidae,Puma,Puma concolor,Sonora,30.789463,-110.844861
39,Felidae,Puma,Puma concolor,Chihuahua,31.015875,-106.225278
484,Felidae,Puma,Puma concolor,Chihuahua,31.070805,-108.356593
481,Felidae,Puma,Puma concolor,Chihuahua,31.070845,-108.356609
497,Felidae,Puma,Puma concolor,Chihuahua,31.078289,-108.372853
93,Felidae,Puma,Puma concolor,Chihuahua,31.0831,-108.351522
142,Felidae,Puma,Puma concolor,Chihuahua,31.083154,-108.3484
305,Felidae,Puma,Puma concolor,Chihuahua,31.101908,-108.359748
499,Felidae,Puma,Puma concolor,Chihuahua,31.101911,-108.359801
48,Felidae,Puma,Puma concolor,Chihuahua,31.101912,-108.35975
49,Felidae,Puma,Puma concolor,Chihuahua,31.101912,-108.35975
378,Felidae,Puma,Puma concolor,Chihuahua,31.101915,-108.359836
12,Felidae,Puma,Puma concolor,Chihuahua,31.101931,-108.359733
16,Felidae,Puma,Puma concolor,Chihuahua,31.101931,-108.359733
10,Felidae,Puma,Puma concolor,Chihuahua,31.101937,-108.359729
307,Felidae,Puma,Puma concolor,Chihuahua,31.101939,-108.359746
308,Felidae,Puma,Puma concolor,Chihuahua,31.101939,-108.359746
309,Felidae,Puma,Puma concolor,Chihuahua,31.101939,-108.359746
310,Felidae,Puma,Puma concolor,Chihuahua,31.101939,-108.359746
311,Felidae,Puma,Puma concolor,Chihuahua,31.101939,-108.359746
136,Felidae,Puma,Puma concolor,Chihuahua,31.101944,-108.359756
140,Felidae,Puma,Puma concolor,Chihuahua,31.101944,-108.359756
270,Felidae,Puma,Puma concolor,Chihuahua,31.101946,-108.359743
267,Felidae,Puma,Puma concolor,Chihuahua,31.101958,-108.359764
269,Felidae,Puma,Puma concolor,Chihuahua,31.101958,-108.359764
268,Felidae,Puma,Puma concolor,Chihuahua,31.101979,-108.359736
357,Felidae,Puma,Puma concolor,Chihuahua,31.102147,-108.358043
360,Felidae,Puma,Puma concolor,Chihuahua,31.102147,-108.358043
362,Felidae,Puma,Puma concolor,Chihuahua,31.102147,-108.358041
363,Felidae,Puma,Puma concolor,Chihuahua,31.102148,-108.358044
359,Felidae,Puma,Puma concolor,Chihuahua,31.102149,-108.358043
361,Felidae,Puma,Puma concolor,Chihuahua,31.102149,-108.358043
358,Felidae,Puma,Puma concolor,Chihuahua,31.102149,-108.358042
92,Felidae,Puma,Puma concolor,Sonora,31.131095,-109.238559
383,Felidae,Puma,Puma concolor,Chihuahua,31.132078,-108.366001
380,Felidae,Puma,Puma concolor,Chihuahua,31.132089,-108.366237
379,Felidae,Puma,Puma concolor,Chihuahua,31.132091,-108.366236
498,Felidae,Puma,Puma concolor,Chihuahua,31.132112,-108.365965
116,Felidae,Puma,Puma concolor,Chihuahua,31.132632,-108.366439
117,Felidae,Puma,Puma concolor,Chihuahua,31.132632,-108.366439
106,Felidae,Puma,Puma concolor,Chihuahua,31.132636,-108.36643
107,Felidae,Puma,Puma concolor,Chihuahua,31.132636,-108.36643
109,Felidae,Puma,Puma concolor,Chihuahua,31.132636,-108.36643
90,Felidae,Puma,Puma concolor,Chihuahua,31.132666,-108.366746
91,Felidae,Puma,Puma concolor,Chihuahua,31.132666,-108.366746
148,Felidae,Puma,Puma concolor,Chihuahua,31.138056,-108.374722
149,Felidae,Puma,Puma concolor,Chihuahua,31.138056,-108.374722
150,Felidae,Puma,Puma concolor,Chihuahua,31.138056,-108.374722
266,Felidae,Puma,Puma concolor,Chihuahua,31.138056,-108.374722
129,Felidae,Puma,Puma concolor,Chihuahua,31.138773,-108.376389
130,Felidae,Puma,Puma concolor,Chihuahua,31.138773,-108.376389
131,Felidae,Puma,Puma concolor,Chihuahua,31.138773,-108.376389
132,Felidae,Puma,Puma concolor,Chihuahua,31.138773,-108.376389
94,Felidae,Puma,Puma concolor,Chihuahua,31.138815,-108.376122
108,Felidae,Puma,Puma concolor,Chihuahua,31.138918,-108.376368
456,Felidae,Puma,Puma concolor,Chihuahua,31.144722,-108.759167
458,Felidae,Puma,Puma concolor,Sonora,31.163333,-108.881111
178,Felidae,Puma,Puma concolor,Chihuahua,31.208639,-106.416222
348,Felidae,Puma,Puma concolor,Chihuahua,31.273407,-106.416815
183,Felidae,Puma,Puma concolor,Chihuahua,31.274278,-106.452167
349,Felidae,Puma,Puma concolor,Chihuahua,31.276725,-106.21491
37,Felidae,Puma,Puma concolor,Chihuahua,31.284027,-106.42189
350,Felidae,Puma,Puma concolor,Chihuahua,31.284791,-106.446064
181,Felidae,Puma,Puma concolor,Chihuahua,31.293556,-106.511222
175,Felidae,Puma,Puma concolor,Chihuahua,31.308611,-106.505833
369,Felidae,Puma,Puma concolor,Sonora,31.312488,-109.407175
397,Felidae,Puma,Puma concolor,Sonora,31.312614,-109.000429
179,Felidae,Puma,Puma concolor,Chihuahua,31.312972,-106.524278
341,Felidae,Puma,Puma concolor,Sonora,31.313542,-110.444246
342,Felidae,Puma,Puma concolor,Sonora,31.315244,-110.446054
365,Felidae,Puma,Puma concolor,Sonora,31.316688,-109.264655
329,Felidae,Puma,Puma concolor,Sonora,31.322035,-108.959537
522,Felidae,Puma,Puma concolor,Sonora,31.32229,-110.359155
368,Felidae,Puma,Puma concolor,Sonora,31.323951,-109.257616
487,Felidae,Puma,Puma concolor,Sonora,31.328795,-109.267612
486,Felidae,Puma,Puma concolor,Sonora,31.332503,-109.253594
327,Felidae,Puma,Puma concolor,Chihuahua,31.332646,-106.44549
177,Felidae,Puma,Puma concolor,Chihuahua,31.348472,-106.549861
176,Felidae,Puma,Puma concolor,Chihuahua,31.359278,-106.366805
180,Felidae,Puma,Puma concolor,Chihuahua,31.362525,-106.369611
513,Felidae,Puma,Puma concolor,Sonora,31.366529,-108.981968
182,Felidae,Puma,Puma concolor,Chihuahua,31.366722,-106.376305
174,Felidae,Puma,Puma concolor,Chihuahua,31.367056,-106.376805
3,Felidae,Puma,Puma concolor,Chihuahua,31.593405,-107.12356
356,Felidae,Puma,Puma concolor,Sonora,31.796683,-113.775647
98,Felidae,Puma,Puma concolor,Baja California,32.48428,-116.045151
114,Felidae,Puma,Puma concolor,Baja California,32.570541,-116.067809
742,Felidae,Puma,Puma concolor,Baja California,32.574013,-116.080856
